Id,Pred
2022_1103_1104,0.123544306
2022_1103_1112,0.06072095
2022_1103_1116,0.12779951
2022_1103_1120,0.07522457
2022_1103_1124,0.068759516
2022_1103_1129,0.2305926
2022_1103_1151,0.3374306
2022_1103_1159,0.49258915
2022_1103_1161,0.22149955
2022_1103_1163,0.1740929
2022_1103_1166,0.32953718
2022_1103_1168,0.5895195
2022_1103_1172,0.29613817
2022_1103_1174,0.56788486
2022_1103_1181,0.07114277
2022_1103_1209,0.5256987
2022_1103_1211,0.059616152
2022_1103_1222,0.07091213
2022_1103_1228,0.14168577
2022_1103_1231,0.26242986
2022_1103_1234,0.13898803
2022_1103_1235,0.27780154
2022_1103_1240,0.5087127
2022_1103_1242,0.071121395
2022_1103_1246,0.068311885
2022_1103_1255,0.5217247
2022_1103_1260,0.2051475
2022_1103_1261,0.115581535
2022_1103_1266,0.27188805
2022_1103_1272,0.1613136
2022_1103_1274,0.29781485
2022_1103_1276,0.18647483
2022_1103_1277,0.24765342
2022_1103_1286,0.5196353
2022_1103_1293,0.24688645
2022_1103_1308,0.37531692
2022_1103_1313,0.5988674
2022_1103_1314,0.18501927
2022_1103_1323,0.28258085
2022_1103_1326,0.17662118
2022_1103_1344,0.22754301
2022_1103_1345,0.090876505
2022_1103_1350,0.37062678
2022_1103_1355,0.34422195
2022_1103_1361,0.21485485
2022_1103_1362,0.19377066
2022_1103_1371,0.24179292
2022_1103_1388,0.16335902
2022_1103_1389,0.50447816
2022_1103_1395,0.28037992
2022_1103_1397,0.08476346
2022_1103_1400,0.16262828
2022_1103_1403,0.11637588
2022_1103_1411,0.71331024
2022_1103_1412,0.26100504
2022_1103_1417,0.11420669
2022_1103_1425,0.2488904
2022_1103_1436,0.35718048
2022_1103_1437,0.11188582
2022_1103_1439,0.19852512
2022_1103_1458,0.20661476
2022_1103_1460,0.63455236
2022_1103_1463,0.50705945
2022_1104_1112,0.2846046
2022_1104_1116,0.4293712
2022_1104_1120,0.36336166
2022_1104_1124,0.27621174
2022_1104_1129,0.57343024
2022_1104_1151,0.76532733
2022_1104_1159,0.84991395
2022_1104_1161,0.6138441
2022_1104_1163,0.4529075
2022_1104_1166,0.7579614
2022_1104_1168,0.86523277
2022_1104_1172,0.6628319
2022_1104_1174,0.8856708
2022_1104_1181,0.3091127
2022_1104_1209,0.7941957
2022_1104_1211,0.19859411
2022_1104_1222,0.3764958
2022_1104_1228,0.52054834
2022_1104_1231,0.6621934
2022_1104_1234,0.51393265
2022_1104_1235,0.69868344
2022_1104_1240,0.8608673
2022_1104_1242,0.33621433
2022_1104_1246,0.32234365
2022_1104_1255,0.8602638
2022_1104_1260,0.6095479
2022_1104_1261,0.453414
2022_1104_1266,0.6883718
2022_1104_1272,0.47622576
2022_1104_1274,0.7455253
2022_1104_1276,0.5768535
2022_1104_1277,0.58112067
2022_1104_1286,0.8032088
2022_1104_1293,0.6584086
2022_1104_1308,0.7201368
2022_1104_1313,0.9067294
2022_1104_1314,0.6075076
2022_1104_1323,0.651557
2022_1104_1326,0.57959056
2022_1104_1344,0.6234093
2022_1104_1345,0.39122677
2022_1104_1350,0.7878177
2022_1104_1355,0.7589193
2022_1104_1361,0.59898394
2022_1104_1362,0.5508601
2022_1104_1371,0.6507994
2022_1104_1388,0.5542151
2022_1104_1389,0.8507748
2022_1104_1395,0.7027284
2022_1104_1397,0.3947699
2022_1104_1400,0.47941586
2022_1104_1403,0.43215707
2022_1104_1411,0.9583317
2022_1104_1412,0.7062686
2022_1104_1417,0.4560529
2022_1104_1425,0.6491384
2022_1104_1436,0.7032214
2022_1104_1437,0.44211707
2022_1104_1439,0.5969074
2022_1104_1458,0.5924009
2022_1104_1460,0.9243905
2022_1104_1463,0.86337227
2022_1112_1116,0.68759376
2022_1112_1120,0.60969454
2022_1112_1124,0.5330129
2022_1112_1129,0.79892206
2022_1112_1151,0.89749545
2022_1112_1159,0.9378018
2022_1112_1161,0.80359143
2022_1112_1163,0.7457318
2022_1112_1166,0.8815152
2022_1112_1168,0.9574186
2022_1112_1172,0.8627525
2022_1112_1174,0.95282745
2022_1112_1181,0.60010195
2022_1112_1209,0.9410994
2022_1112_1211,0.51590735
2022_1112_1222,0.61496323
2022_1112_1228,0.7385525
2022_1112_1231,0.81375647
2022_1112_1234,0.7190199
2022_1112_1235,0.84195936
2022_1112_1240,0.94046664
2022_1112_1242,0.5915926
2022_1112_1246,0.57574284
2022_1112_1255,0.94437593
2022_1112_1260,0.79124933
2022_1112_1261,0.6648826
2022_1112_1266,0.8409229
2022_1112_1272,0.7668361
2022_1112_1274,0.87349796
2022_1112_1276,0.78915226
2022_1112_1277,0.8165461
2022_1112_1286,0.9384804
2022_1112_1293,0.8246153
2022_1112_1308,0.904907
2022_1112_1313,0.9584769
2022_1112_1314,0.8026538
2022_1112_1323,0.856251
2022_1112_1326,0.78019005
2022_1112_1344,0.788918
2022_1112_1345,0.6407223
2022_1112_1350,0.9020514
2022_1112_1355,0.8797603
2022_1112_1361,0.79117733
2022_1112_1362,0.7555928
2022_1112_1371,0.82956165
2022_1112_1388,0.7588222
2022_1112_1389,0.9403682
2022_1112_1395,0.86136603
2022_1112_1397,0.7019783
2022_1112_1400,0.68527275
2022_1112_1403,0.68873215
2022_1112_1411,0.9736779
2022_1112_1412,0.85395306
2022_1112_1417,0.6793069
2022_1112_1425,0.80769914
2022_1112_1436,0.884452
2022_1112_1437,0.6989834
2022_1112_1439,0.77916723
2022_1112_1458,0.7857436
2022_1112_1460,0.96283054
2022_1112_1463,0.94479233
2022_1116_1120,0.3830819
2022_1116_1124,0.30098462
2022_1116_1129,0.6143319
2022_1116_1151,0.77460164
2022_1116_1159,0.85388744
2022_1116_1161,0.62777036
2022_1116_1163,0.44075435
2022_1116_1166,0.76260084
2022_1116_1168,0.8943789
2022_1116_1172,0.69466174
2022_1116_1174,0.8964769
2022_1116_1181,0.36488152
2022_1116_1209,0.832938
2022_1116_1211,0.25095582
2022_1116_1222,0.4024306
2022_1116_1228,0.534144
2022_1116_1231,0.67328554
2022_1116_1234,0.5240244
2022_1116_1235,0.7159679
2022_1116_1240,0.8722878
2022_1116_1242,0.3470435
2022_1116_1246,0.3399422
2022_1116_1255,0.8720062
2022_1116_1260,0.6230884
2022_1116_1261,0.4613577
2022_1116_1266,0.7023699
2022_1116_1272,0.5268091
2022_1116_1274,0.7478579
2022_1116_1276,0.58667576
2022_1116_1277,0.61915725
2022_1116_1286,0.8386168
2022_1116_1293,0.6695615
2022_1116_1308,0.76562005
2022_1116_1313,0.9092935
2022_1116_1314,0.6163568
2022_1116_1323,0.6871759
2022_1116_1326,0.5849218
2022_1116_1344,0.6229742
2022_1116_1345,0.40314394
2022_1116_1350,0.79221976
2022_1116_1355,0.767161
2022_1116_1361,0.6239662
2022_1116_1362,0.56315637
2022_1116_1371,0.6797771
2022_1116_1388,0.5680929
2022_1116_1389,0.86386156
2022_1116_1395,0.7161119
2022_1116_1397,0.40139276
2022_1116_1400,0.48583016
2022_1116_1403,0.46028417
2022_1116_1411,0.9571467
2022_1116_1412,0.70783603
2022_1116_1417,0.465254
2022_1116_1425,0.6705524
2022_1116_1436,0.7168741
2022_1116_1437,0.46484688
2022_1116_1439,0.5986421
2022_1116_1458,0.60864687
2022_1116_1460,0.9275058
2022_1116_1463,0.8730095
2022_1120_1124,0.43373328
2022_1120_1129,0.7362329
2022_1120_1151,0.85537153
2022_1120_1159,0.92071706
2022_1120_1161,0.7361139
2022_1120_1163,0.66774863
2022_1120_1166,0.83240813
2022_1120_1168,0.9448903
2022_1120_1172,0.8166307
2022_1120_1174,0.9409035
2022_1120_1181,0.4931282
2022_1120_1209,0.9274828
2022_1120_1211,0.43516627
2022_1120_1222,0.49653035
2022_1120_1228,0.6345153
2022_1120_1231,0.7743618
2022_1120_1234,0.5624907
2022_1120_1235,0.79664135
2022_1120_1240,0.9266398
2022_1120_1242,0.46487892
2022_1120_1246,0.47799343
2022_1120_1255,0.9291658
2022_1120_1260,0.7302085
2022_1120_1261,0.64434
2022_1120_1266,0.7990368
2022_1120_1272,0.68695664
2022_1120_1274,0.8332179
2022_1120_1276,0.70299596
2022_1120_1277,0.76519257
2022_1120_1286,0.92422295
2022_1120_1293,0.7686855
2022_1120_1308,0.87227947
2022_1120_1313,0.9510124
2022_1120_1314,0.73806024
2022_1120_1323,0.8110419
2022_1120_1326,0.7008662
2022_1120_1344,0.7273069
2022_1120_1345,0.52201194
2022_1120_1350,0.87104136
2022_1120_1355,0.8430353
2022_1120_1361,0.709311
2022_1120_1362,0.68710864
2022_1120_1371,0.75515866
2022_1120_1388,0.6768493
2022_1120_1389,0.92543596
2022_1120_1395,0.80947053
2022_1120_1397,0.51442057
2022_1120_1400,0.59817296
2022_1120_1403,0.59285134
2022_1120_1411,0.9704663
2022_1120_1412,0.80407953
2022_1120_1417,0.58340925
2022_1120_1425,0.7459589
2022_1120_1436,0.8498958
2022_1120_1437,0.5742006
2022_1120_1439,0.72690094
2022_1120_1458,0.64194804
2022_1120_1460,0.9566911
2022_1120_1463,0.93191785
2022_1124_1129,0.7924932
2022_1124_1151,0.8869533
2022_1124_1159,0.9344069
2022_1124_1161,0.7811919
2022_1124_1163,0.7377226
2022_1124_1166,0.873377
2022_1124_1168,0.95678735
2022_1124_1172,0.8557595
2022_1124_1174,0.9504974
2022_1124_1181,0.60280925
2022_1124_1209,0.94080883
2022_1124_1211,0.51776206
2022_1124_1222,0.6050821
2022_1124_1228,0.7201745
2022_1124_1231,0.797852
2022_1124_1234,0.71377254
2022_1124_1235,0.83519846
2022_1124_1240,0.9398791
2022_1124_1242,0.5881301
2022_1124_1246,0.54278326
2022_1124_1255,0.940912
2022_1124_1260,0.7764814
2022_1124_1261,0.6743892
2022_1124_1266,0.84460855
2022_1124_1272,0.75914776
2022_1124_1274,0.8671328
2022_1124_1276,0.76595545
2022_1124_1277,0.8043658
2022_1124_1286,0.93864745
2022_1124_1293,0.8105815
2022_1124_1308,0.8962115
2022_1124_1313,0.9603527
2022_1124_1314,0.7988118
2022_1124_1323,0.85095036
2022_1124_1326,0.76120573
2022_1124_1344,0.7749564
2022_1124_1345,0.6060012
2022_1124_1350,0.8982971
2022_1124_1355,0.8720333
2022_1124_1361,0.76699156
2022_1124_1362,0.729434
2022_1124_1371,0.79533714
2022_1124_1388,0.7239018
2022_1124_1389,0.92793435
2022_1124_1395,0.84896666
2022_1124_1397,0.6306327
2022_1124_1400,0.7013723
2022_1124_1403,0.67890453
2022_1124_1411,0.974855
2022_1124_1412,0.8449852
2022_1124_1417,0.6523643
2022_1124_1425,0.79305255
2022_1124_1436,0.880609
2022_1124_1437,0.67335296
2022_1124_1439,0.7460814
2022_1124_1458,0.7628893
2022_1124_1460,0.9637778
2022_1124_1463,0.9342728
2022_1129_1151,0.63363206
2022_1129_1159,0.7340391
2022_1129_1161,0.45807427
2022_1129_1163,0.403677
2022_1129_1166,0.61263645
2022_1129_1168,0.8500466
2022_1129_1172,0.61776775
2022_1129_1174,0.80324614
2022_1129_1181,0.24342176
2022_1129_1209,0.7897181
2022_1129_1211,0.16500612
2022_1129_1222,0.22633834
2022_1129_1228,0.3742457
2022_1129_1231,0.5079313
2022_1129_1234,0.3584893
2022_1129_1235,0.54338026
2022_1129_1240,0.75581324
2022_1129_1242,0.19404182
2022_1129_1246,0.17363977
2022_1129_1255,0.75006676
2022_1129_1260,0.44627672
2022_1129_1261,0.31555358
2022_1129_1266,0.5457267
2022_1129_1272,0.43001363
2022_1129_1274,0.5894568
2022_1129_1276,0.39505354
2022_1129_1277,0.5061213
2022_1129_1286,0.7597396
2022_1129_1293,0.5104378
2022_1129_1308,0.6848537
2022_1129_1313,0.8155735
2022_1129_1314,0.4316038
2022_1129_1323,0.5981017
2022_1129_1326,0.38684204
2022_1129_1344,0.4690077
2022_1129_1345,0.25756162
2022_1129_1350,0.64506614
2022_1129_1355,0.627412
2022_1129_1361,0.4641782
2022_1129_1362,0.39599857
2022_1129_1371,0.5050884
2022_1129_1388,0.4008243
2022_1129_1389,0.7403584
2022_1129_1395,0.55885875
2022_1129_1397,0.2596845
2022_1129_1400,0.3379107
2022_1129_1403,0.34827843
2022_1129_1411,0.9141476
2022_1129_1412,0.5493845
2022_1129_1417,0.31526735
2022_1129_1425,0.5041334
2022_1129_1436,0.6650298
2022_1129_1437,0.29501158
2022_1129_1439,0.41791725
2022_1129_1458,0.4516988
2022_1129_1460,0.8544078
2022_1129_1463,0.7578802
2022_1151_1159,0.6691067
2022_1151_1161,0.31335834
2022_1151_1163,0.27262372
2022_1151_1166,0.4628977
2022_1151_1168,0.7861939
2022_1151_1172,0.4296563
2022_1151_1174,0.7352753
2022_1151_1181,0.121542856
2022_1151_1209,0.6843181
2022_1151_1211,0.08566522
2022_1151_1222,0.14359686
2022_1151_1228,0.2045154
2022_1151_1231,0.37906814
2022_1151_1234,0.2279515
2022_1151_1235,0.41053146
2022_1151_1240,0.6786401
2022_1151_1242,0.11986423
2022_1151_1246,0.096230075
2022_1151_1255,0.6819591
2022_1151_1260,0.31470877
2022_1151_1261,0.20608506
2022_1151_1266,0.4077323
2022_1151_1272,0.26636177
2022_1151_1274,0.44624585
2022_1151_1276,0.28646684
2022_1151_1277,0.35648075
2022_1151_1286,0.68538034
2022_1151_1293,0.3677685
2022_1151_1308,0.53033596
2022_1151_1313,0.7774661
2022_1151_1314,0.31739202
2022_1151_1323,0.4250444
2022_1151_1326,0.28153402
2022_1151_1344,0.34361863
2022_1151_1345,0.15378228
2022_1151_1350,0.53665286
2022_1151_1355,0.49301425
2022_1151_1361,0.3566602
2022_1151_1362,0.29355833
2022_1151_1371,0.38853472
2022_1151_1388,0.28837165
2022_1151_1389,0.6848553
2022_1151_1395,0.3940375
2022_1151_1397,0.1769423
2022_1151_1400,0.20947711
2022_1151_1403,0.20164195
2022_1151_1411,0.87844586
2022_1151_1412,0.40957928
2022_1151_1417,0.20430294
2022_1151_1425,0.38968036
2022_1151_1436,0.50504655
2022_1151_1437,0.17168282
2022_1151_1439,0.30457303
2022_1151_1458,0.33018818
2022_1151_1460,0.813876
2022_1151_1463,0.7017001
2022_1159_1161,0.22806008
2022_1159_1163,0.17260262
2022_1159_1166,0.31502682
2022_1159_1168,0.625437
2022_1159_1172,0.30542853
2022_1159_1174,0.5943216
2022_1159_1181,0.069424406
2022_1159_1209,0.54569507
2022_1159_1211,0.058250923
2022_1159_1222,0.06896469
2022_1159_1228,0.13909787
2022_1159_1231,0.25439993
2022_1159_1234,0.0912925
2022_1159_1235,0.24940567
2022_1159_1240,0.5447652
2022_1159_1242,0.06912825
2022_1159_1246,0.05809042
2022_1159_1255,0.5493041
2022_1159_1260,0.20574628
2022_1159_1261,0.15314952
2022_1159_1266,0.28828862
2022_1159_1272,0.16281071
2022_1159_1274,0.31983045
2022_1159_1276,0.19429974
2022_1159_1277,0.2531659
2022_1159_1286,0.5448609
2022_1159_1293,0.2290041
2022_1159_1308,0.38844237
2022_1159_1313,0.6437265
2022_1159_1314,0.20440614
2022_1159_1323,0.2966121
2022_1159_1326,0.17761736
2022_1159_1344,0.21465048
2022_1159_1345,0.090374365
2022_1159_1350,0.38344288
2022_1159_1355,0.3407666
2022_1159_1361,0.21169631
2022_1159_1362,0.17892283
2022_1159_1371,0.24920805
2022_1159_1388,0.17562999
2022_1159_1389,0.5491244
2022_1159_1395,0.29250643
2022_1159_1397,0.08502601
2022_1159_1400,0.12441605
2022_1159_1403,0.11541638
2022_1159_1411,0.7704613
2022_1159_1412,0.27029213
2022_1159_1417,0.1211212
2022_1159_1425,0.24007463
2022_1159_1436,0.35814974
2022_1159_1437,0.11886207
2022_1159_1439,0.20223495
2022_1159_1458,0.14561997
2022_1159_1460,0.67210865
2022_1159_1463,0.5540187
2022_1161_1163,0.39901727
2022_1161_1166,0.63246
2022_1161_1168,0.84278524
2022_1161_1172,0.5954099
2022_1161_1174,0.82860726
2022_1161_1181,0.226203
2022_1161_1209,0.77891177
2022_1161_1211,0.17496781
2022_1161_1222,0.24337868
2022_1161_1228,0.3976202
2022_1161_1231,0.5209354
2022_1161_1234,0.36841267
2022_1161_1235,0.5635557
2022_1161_1240,0.7786952
2022_1161_1242,0.21083833
2022_1161_1246,0.19661757
2022_1161_1255,0.7702636
2022_1161_1260,0.47717392
2022_1161_1261,0.32267633
2022_1161_1266,0.55665207
2022_1161_1272,0.40818927
2022_1161_1274,0.6234523
2022_1161_1276,0.37879008
2022_1161_1277,0.49400908
2022_1161_1286,0.7527094
2022_1161_1293,0.52254564
2022_1161_1308,0.67356867
2022_1161_1313,0.83850944
2022_1161_1314,0.45357302
2022_1161_1323,0.58517295
2022_1161_1326,0.42751524
2022_1161_1344,0.46724805
2022_1161_1345,0.2596121
2022_1161_1350,0.658243
2022_1161_1355,0.66018367
2022_1161_1361,0.48192266
2022_1161_1362,0.40052035
2022_1161_1371,0.52918804
2022_1161_1388,0.41180763
2022_1161_1389,0.7607739
2022_1161_1395,0.5904844
2022_1161_1397,0.26956898
2022_1161_1400,0.34248582
2022_1161_1403,0.34895843
2022_1161_1411,0.92584974
2022_1161_1412,0.587255
2022_1161_1417,0.32271177
2022_1161_1425,0.5196326
2022_1161_1436,0.65449446
2022_1161_1437,0.31143555
2022_1161_1439,0.4280822
2022_1161_1458,0.46451014
2022_1161_1460,0.88099563
2022_1161_1463,0.77797997
2022_1163_1166,0.7139527
2022_1163_1168,0.8677284
2022_1163_1172,0.6567331
2022_1163_1174,0.8608713
2022_1163_1181,0.3311147
2022_1163_1209,0.7930912
2022_1163_1211,0.21507674
2022_1163_1222,0.3332209
2022_1163_1228,0.4727031
2022_1163_1231,0.6102944
2022_1163_1234,0.47121197
2022_1163_1235,0.65618587
2022_1163_1240,0.8302349
2022_1163_1242,0.28143132
2022_1163_1246,0.2670269
2022_1163_1255,0.8246715
2022_1163_1260,0.56256425
2022_1163_1261,0.40861437
2022_1163_1266,0.6520839
2022_1163_1272,0.4812878
2022_1163_1274,0.69800717
2022_1163_1276,0.5270421
2022_1163_1277,0.58143634
2022_1163_1286,0.7917918
2022_1163_1293,0.61385167
2022_1163_1308,0.7875396
2022_1163_1313,0.8737527
2022_1163_1314,0.5530225
2022_1163_1323,0.6405892
2022_1163_1326,0.5303779
2022_1163_1344,0.5618207
2022_1163_1345,0.3444167
2022_1163_1350,0.74346876
2022_1163_1355,0.7250003
2022_1163_1361,0.57063764
2022_1163_1362,0.4983008
2022_1163_1371,0.6180027
2022_1163_1388,0.50529736
2022_1163_1389,0.81338334
2022_1163_1395,0.65814745
2022_1163_1397,0.33682165
2022_1163_1400,0.429522
2022_1163_1403,0.41160813
2022_1163_1411,0.9420197
2022_1163_1412,0.6433117
2022_1163_1417,0.41673404
2022_1163_1425,0.6169229
2022_1163_1436,0.755172
2022_1163_1437,0.39485666
2022_1163_1439,0.5210348
2022_1163_1458,0.56719506
2022_1163_1460,0.8975112
2022_1163_1463,0.83126616
2022_1166_1168,0.7983079
2022_1166_1172,0.44660583
2022_1166_1174,0.7589432
2022_1166_1181,0.107550636
2022_1166_1209,0.7028677
2022_1166_1211,0.083071366
2022_1166_1222,0.120702565
2022_1166_1228,0.24014112
2022_1166_1231,0.3813509
2022_1166_1234,0.19854555
2022_1166_1235,0.421847
2022_1166_1240,0.7052553
2022_1166_1242,0.121588126
2022_1166_1246,0.099631935
2022_1166_1255,0.7052439
2022_1166_1260,0.3106544
2022_1166_1261,0.26822844
2022_1166_1266,0.41614023
2022_1166_1272,0.25938255
2022_1166_1274,0.4762696
2022_1166_1276,0.27844658
2022_1166_1277,0.36981577
2022_1166_1286,0.6964916
2022_1166_1293,0.35897598
2022_1166_1308,0.55054516
2022_1166_1313,0.7891286
2022_1166_1314,0.3144163
2022_1166_1323,0.44058782
2022_1166_1326,0.27561605
2022_1166_1344,0.3354087
2022_1166_1345,0.14125751
2022_1166_1350,0.56000066
2022_1166_1355,0.5155821
2022_1166_1361,0.33975437
2022_1166_1362,0.27910158
2022_1166_1371,0.37563497
2022_1166_1388,0.2797263
2022_1166_1389,0.69726014
2022_1166_1395,0.42231914
2022_1166_1397,0.15775979
2022_1166_1400,0.22316034
2022_1166_1403,0.20332466
2022_1166_1411,0.88535726
2022_1166_1412,0.41117802
2022_1166_1417,0.1919818
2022_1166_1425,0.39008874
2022_1166_1436,0.5109717
2022_1166_1437,0.18105474
2022_1166_1439,0.29321536
2022_1166_1458,0.27825606
2022_1166_1460,0.8268334
2022_1166_1463,0.71360904
2022_1168_1172,0.16163503
2022_1168_1174,0.455286
2022_1168_1181,0.045305658
2022_1168_1209,0.42865908
2022_1168_1211,0.041000687
2022_1168_1222,0.051617622
2022_1168_1228,0.094349466
2022_1168_1231,0.18074656
2022_1168_1234,0.094476745
2022_1168_1235,0.20216215
2022_1168_1240,0.4083261
2022_1168_1242,0.05092722
2022_1168_1246,0.041536406
2022_1168_1255,0.43081522
2022_1168_1260,0.14398082
2022_1168_1261,0.073600575
2022_1168_1266,0.2008226
2022_1168_1272,0.11841043
2022_1168_1274,0.2185112
2022_1168_1276,0.13009673
2022_1168_1277,0.1586923
2022_1168_1286,0.42021582
2022_1168_1293,0.16856831
2022_1168_1308,0.27384573
2022_1168_1313,0.4998822
2022_1168_1314,0.13862537
2022_1168_1323,0.19715667
2022_1168_1326,0.118210174
2022_1168_1344,0.15979479
2022_1168_1345,0.06313645
2022_1168_1350,0.2667003
2022_1168_1355,0.24285373
2022_1168_1361,0.15157019
2022_1168_1362,0.124053165
2022_1168_1371,0.16368097
2022_1168_1388,0.118387304
2022_1168_1389,0.41826928
2022_1168_1395,0.20233797
2022_1168_1397,0.061382666
2022_1168_1400,0.08163102
2022_1168_1403,0.07897764
2022_1168_1411,0.6284592
2022_1168_1412,0.19319211
2022_1168_1417,0.08834093
2022_1168_1425,0.17093244
2022_1168_1436,0.2477272
2022_1168_1437,0.08420439
2022_1168_1439,0.14498454
2022_1168_1458,0.14803728
2022_1168_1460,0.5251176
2022_1168_1463,0.4263056
2022_1172_1174,0.779561
2022_1172_1181,0.19622229
2022_1172_1209,0.7360774
2022_1172_1211,0.094268814
2022_1172_1222,0.16387501
2022_1172_1228,0.3004926
2022_1172_1231,0.44905347
2022_1172_1234,0.29081073
2022_1172_1235,0.48864773
2022_1172_1240,0.73236316
2022_1172_1242,0.14831758
2022_1172_1246,0.123000346
2022_1172_1255,0.735771
2022_1172_1260,0.38002285
2022_1172_1261,0.24735671
2022_1172_1266,0.48111337
2022_1172_1272,0.34603637
2022_1172_1274,0.53615373
2022_1172_1276,0.3415562
2022_1172_1277,0.49108985
2022_1172_1286,0.70317215
2022_1172_1293,0.43815497
2022_1172_1308,0.6022822
2022_1172_1313,0.8045045
2022_1172_1314,0.37402496
2022_1172_1323,0.51370615
2022_1172_1326,0.34061202
2022_1172_1344,0.40243408
2022_1172_1345,0.19188477
2022_1172_1350,0.6193225
2022_1172_1355,0.5856699
2022_1172_1361,0.39705026
2022_1172_1362,0.3515415
2022_1172_1371,0.43865728
2022_1172_1388,0.34759346
2022_1172_1389,0.7294358
2022_1172_1395,0.5027172
2022_1172_1397,0.19255175
2022_1172_1400,0.27010545
2022_1172_1403,0.27609554
2022_1172_1411,0.90160966
2022_1172_1412,0.4856799
2022_1172_1417,0.2558031
2022_1172_1425,0.43949428
2022_1172_1436,0.5864242
2022_1172_1437,0.23211114
2022_1172_1439,0.35188094
2022_1172_1458,0.38421953
2022_1172_1460,0.84603703
2022_1172_1463,0.7387625
2022_1174_1181,0.05284504
2022_1174_1209,0.4380454
2022_1174_1211,0.047406748
2022_1174_1222,0.047854993
2022_1174_1228,0.10484748
2022_1174_1231,0.18848802
2022_1174_1234,0.100396864
2022_1174_1235,0.22155651
2022_1174_1240,0.43269002
2022_1174_1242,0.050824806
2022_1174_1246,0.04389765
2022_1174_1255,0.4497952
2022_1174_1260,0.14354822
2022_1174_1261,0.07937305
2022_1174_1266,0.2228738
2022_1174_1272,0.11552634
2022_1174_1274,0.23804869
2022_1174_1276,0.13984141
2022_1174_1277,0.18228914
2022_1174_1286,0.44338095
2022_1174_1293,0.1730759
2022_1174_1308,0.30329132
2022_1174_1313,0.5278908
2022_1174_1314,0.15089536
2022_1174_1323,0.2211731
2022_1174_1326,0.09030507
2022_1174_1344,0.17202236
2022_1174_1345,0.0605885
2022_1174_1350,0.29902297
2022_1174_1355,0.27154547
2022_1174_1361,0.15957409
2022_1174_1362,0.13384429
2022_1174_1371,0.1841914
2022_1174_1388,0.1337771
2022_1174_1389,0.4433658
2022_1174_1395,0.20987
2022_1174_1397,0.08345846
2022_1174_1400,0.08797305
2022_1174_1403,0.08312251
2022_1174_1411,0.65491414
2022_1174_1412,0.20997238
2022_1174_1417,0.09006311
2022_1174_1425,0.19145897
2022_1174_1436,0.26920146
2022_1174_1437,0.06219655
2022_1174_1439,0.15292093
2022_1174_1458,0.15786654
2022_1174_1460,0.54154253
2022_1174_1463,0.4456403
2022_1181_1209,0.9099145
2022_1181_1211,0.37962338
2022_1181_1222,0.5387372
2022_1181_1228,0.6434127
2022_1181_1231,0.7570646
2022_1181_1234,0.6451987
2022_1181_1235,0.79039973
2022_1181_1240,0.92850393
2022_1181_1242,0.5096466
2022_1181_1246,0.50764734
2022_1181_1255,0.9305362
2022_1181_1260,0.7175191
2022_1181_1261,0.58711994
2022_1181_1266,0.78187627
2022_1181_1272,0.6546794
2022_1181_1274,0.83599216
2022_1181_1276,0.69951
2022_1181_1277,0.76543456
2022_1181_1286,0.90901434
2022_1181_1293,0.7623326
2022_1181_1308,0.85790527
2022_1181_1313,0.9516413
2022_1181_1314,0.73138165
2022_1181_1323,0.78266567
2022_1181_1326,0.69290906
2022_1181_1344,0.72231823
2022_1181_1345,0.5610241
2022_1181_1350,0.87634206
2022_1181_1355,0.84346545
2022_1181_1361,0.71226895
2022_1181_1362,0.69239014
2022_1181_1371,0.74955827
2022_1181_1388,0.67337465
2022_1181_1389,0.92807424
2022_1181_1395,0.79914975
2022_1181_1397,0.5581008
2022_1181_1400,0.61896735
2022_1181_1403,0.59111327
2022_1181_1411,0.97041917
2022_1181_1412,0.79310846
2022_1181_1417,0.61807895
2022_1181_1425,0.74063885
2022_1181_1436,0.8331258
2022_1181_1437,0.6026306
2022_1181_1439,0.71109235
2022_1181_1458,0.69187874
2022_1181_1460,0.9575986
2022_1181_1463,0.93406427
2022_1209_1211,0.050314818
2022_1209_1222,0.06422822
2022_1209_1228,0.11292124
2022_1209_1231,0.21501803
2022_1209_1234,0.11393971
2022_1209_1235,0.24056932
2022_1209_1240,0.49227095
2022_1209_1242,0.06373928
2022_1209_1246,0.055103213
2022_1209_1255,0.49775162
2022_1209_1260,0.177092
2022_1209_1261,0.091913015
2022_1209_1266,0.23876233
2022_1209_1272,0.18257895
2022_1209_1274,0.26672703
2022_1209_1276,0.15349497
2022_1209_1277,0.23942046
2022_1209_1286,0.48648745
2022_1209_1293,0.20036559
2022_1209_1308,0.3428135
2022_1209_1313,0.5883138
2022_1209_1314,0.16908225
2022_1209_1323,0.26651
2022_1209_1326,0.14565405
2022_1209_1344,0.19764154
2022_1209_1345,0.07578035
2022_1209_1350,0.33366385
2022_1209_1355,0.30943003
2022_1209_1361,0.18432228
2022_1209_1362,0.16047797
2022_1209_1371,0.20183857
2022_1209_1388,0.1494708
2022_1209_1389,0.50077385
2022_1209_1395,0.24231601
2022_1209_1397,0.07055364
2022_1209_1400,0.098469324
2022_1209_1403,0.124024816
2022_1209_1411,0.70190847
2022_1209_1412,0.22298537
2022_1209_1417,0.103806056
2022_1209_1425,0.20596926
2022_1209_1436,0.32198593
2022_1209_1437,0.096256144
2022_1209_1439,0.1699205
2022_1209_1458,0.16970073
2022_1209_1460,0.6109256
2022_1209_1463,0.50498927
2022_1211_1222,0.6052126
2022_1211_1228,0.71981853
2022_1211_1231,0.82372564
2022_1211_1234,0.7195562
2022_1211_1235,0.8582286
2022_1211_1240,0.9463423
2022_1211_1242,0.58905804
2022_1211_1246,0.57557094
2022_1211_1255,0.94759035
2022_1211_1260,0.7913455
2022_1211_1261,0.670391
2022_1211_1266,0.8564888
2022_1211_1272,0.7996513
2022_1211_1274,0.88166046
2022_1211_1276,0.7732236
2022_1211_1277,0.82500905
2022_1211_1286,0.94416124
2022_1211_1293,0.83436245
2022_1211_1308,0.91023004
2022_1211_1313,0.9623988
2022_1211_1314,0.7944427
2022_1211_1323,0.8678684
2022_1211_1326,0.7717626
2022_1211_1344,0.7971374
2022_1211_1345,0.6396258
2022_1211_1350,0.9111363
2022_1211_1355,0.8857778
2022_1211_1361,0.79542214
2022_1211_1362,0.7659121
2022_1211_1371,0.81705457
2022_1211_1388,0.75891906
2022_1211_1389,0.9468845
2022_1211_1395,0.864718
2022_1211_1397,0.6318971
2022_1211_1400,0.68929887
2022_1211_1403,0.71028155
2022_1211_1411,0.97463393
2022_1211_1412,0.8564829
2022_1211_1417,0.6786117
2022_1211_1425,0.8153871
2022_1211_1436,0.8935538
2022_1211_1437,0.67865485
2022_1211_1439,0.7871483
2022_1211_1458,0.7769893
2022_1211_1460,0.9666717
2022_1211_1463,0.94923013
2022_1222_1228,0.56537354
2022_1222_1231,0.7426539
2022_1222_1234,0.6416656
2022_1222_1235,0.7813109
2022_1222_1240,0.9255973
2022_1222_1242,0.49322623
2022_1222_1246,0.49051884
2022_1222_1255,0.9298014
2022_1222_1260,0.71742314
2022_1222_1261,0.58079517
2022_1222_1266,0.7687953
2022_1222_1272,0.66964304
2022_1222_1274,0.82371795
2022_1222_1276,0.6950354
2022_1222_1277,0.7398292
2022_1222_1286,0.92363703
2022_1222_1293,0.7461857
2022_1222_1308,0.87534016
2022_1222_1313,0.95130914
2022_1222_1314,0.71280134
2022_1222_1323,0.78917706
2022_1222_1326,0.6944803
2022_1222_1344,0.7185243
2022_1222_1345,0.54096615
2022_1222_1350,0.8721784
2022_1222_1355,0.84486926
2022_1222_1361,0.703052
2022_1222_1362,0.67263776
2022_1222_1371,0.7478465
2022_1222_1388,0.66652703
2022_1222_1389,0.92680955
2022_1222_1395,0.78782475
2022_1222_1397,0.6141368
2022_1222_1400,0.60686105
2022_1222_1403,0.60973644
2022_1222_1411,0.9714058
2022_1222_1412,0.7723386
2022_1222_1417,0.60810107
2022_1222_1425,0.7333133
2022_1222_1436,0.8469261
2022_1222_1437,0.60956573
2022_1222_1439,0.69467896
2022_1222_1458,0.6817422
2022_1222_1460,0.95966244
2022_1222_1463,0.93362975
2022_1228_1231,0.6471418
2022_1228_1234,0.5076273
2022_1228_1235,0.69279474
2022_1228_1240,0.86766034
2022_1228_1242,0.31958845
2022_1228_1246,0.30929008
2022_1228_1255,0.8562986
2022_1228_1260,0.5964608
2022_1228_1261,0.4294594
2022_1228_1266,0.6836724
2022_1228_1272,0.5266787
2022_1228_1274,0.7250646
2022_1228_1276,0.5504
2022_1228_1277,0.64138454
2022_1228_1286,0.85772717
2022_1228_1293,0.6490747
2022_1228_1308,0.78929526
2022_1228_1313,0.9060971
2022_1228_1314,0.6005189
2022_1228_1323,0.69878405
2022_1228_1326,0.5474333
2022_1228_1344,0.6045613
2022_1228_1345,0.3738884
2022_1228_1350,0.7865045
2022_1228_1355,0.74769443
2022_1228_1361,0.60955006
2022_1228_1362,0.5272368
2022_1228_1371,0.64869314
2022_1228_1388,0.52890927
2022_1228_1389,0.85945505
2022_1228_1395,0.68663627
2022_1228_1397,0.42559373
2022_1228_1400,0.45876762
2022_1228_1403,0.47518662
2022_1228_1411,0.95241475
2022_1228_1412,0.7203314
2022_1228_1417,0.44366038
2022_1228_1425,0.65189713
2022_1228_1436,0.759098
2022_1228_1437,0.41332313
2022_1228_1439,0.56234586
2022_1228_1458,0.5936602
2022_1228_1460,0.91109735
2022_1228_1463,0.8685009
2022_1231_1234,0.37322345
2022_1231_1235,0.5777813
2022_1231_1240,0.7791862
2022_1231_1242,0.20167157
2022_1231_1246,0.186815
2022_1231_1255,0.7788394
2022_1231_1260,0.46430188
2022_1231_1261,0.30965075
2022_1231_1266,0.5682154
2022_1231_1272,0.40913036
2022_1231_1274,0.6211436
2022_1231_1276,0.418236
2022_1231_1277,0.5128744
2022_1231_1286,0.7720939
2022_1231_1293,0.5184754
2022_1231_1308,0.6816368
2022_1231_1313,0.84348905
2022_1231_1314,0.43195027
2022_1231_1323,0.59479266
2022_1231_1326,0.4110251
2022_1231_1344,0.47955766
2022_1231_1345,0.2535659
2022_1231_1350,0.6812872
2022_1231_1355,0.66021264
2022_1231_1361,0.47713327
2022_1231_1362,0.42611167
2022_1231_1371,0.51645297
2022_1231_1388,0.38300332
2022_1231_1389,0.76747775
2022_1231_1395,0.5859352
2022_1231_1397,0.26391903
2022_1231_1400,0.37707445
2022_1231_1403,0.33778805
2022_1231_1411,0.92577547
2022_1231_1412,0.57095927
2022_1231_1417,0.27966145
2022_1231_1425,0.52392733
2022_1231_1436,0.65682656
2022_1231_1437,0.30554083
2022_1231_1439,0.43155912
2022_1231_1458,0.46353942
2022_1231_1460,0.878234
2022_1231_1463,0.7822656
2022_1234_1235,0.734416
2022_1234_1240,0.9006159
2022_1234_1242,0.39274928
2022_1234_1246,0.3068391
2022_1234_1255,0.87279445
2022_1234_1260,0.6048079
2022_1234_1261,0.56840706
2022_1234_1266,0.68814135
2022_1234_1272,0.54171455
2022_1234_1274,0.77492297
2022_1234_1276,0.55972564
2022_1234_1277,0.64199346
2022_1234_1286,0.8577684
2022_1234_1293,0.66597
2022_1234_1308,0.7915109
2022_1234_1313,0.90822554
2022_1234_1314,0.60204566
2022_1234_1323,0.71217924
2022_1234_1326,0.56064576
2022_1234_1344,0.6260227
2022_1234_1345,0.35968223
2022_1234_1350,0.7931321
2022_1234_1355,0.778824
2022_1234_1361,0.6432805
2022_1234_1362,0.5444579
2022_1234_1371,0.65409076
2022_1234_1388,0.5345491
2022_1234_1389,0.86018366
2022_1234_1395,0.70409185
2022_1234_1397,0.36734834
2022_1234_1400,0.45646113
2022_1234_1403,0.4690527
2022_1234_1411,0.9643484
2022_1234_1412,0.6847691
2022_1234_1417,0.4357095
2022_1234_1425,0.683127
2022_1234_1436,0.7566581
2022_1234_1437,0.4222773
2022_1234_1439,0.58198035
2022_1234_1458,0.5802043
2022_1234_1460,0.9234478
2022_1234_1463,0.8703101
2022_1235_1240,0.7563164
2022_1235_1242,0.17828088
2022_1235_1246,0.14596468
2022_1235_1255,0.7419989
2022_1235_1260,0.4157777
2022_1235_1261,0.3440025
2022_1235_1266,0.5156292
2022_1235_1272,0.3663013
2022_1235_1274,0.5812963
2022_1235_1276,0.37843034
2022_1235_1277,0.46253183
2022_1235_1286,0.7380375
2022_1235_1293,0.48229748
2022_1235_1308,0.6364514
2022_1235_1313,0.81873006
2022_1235_1314,0.4128267
2022_1235_1323,0.54261786
2022_1235_1326,0.3711107
2022_1235_1344,0.42371312
2022_1235_1345,0.2171948
2022_1235_1350,0.643515
2022_1235_1355,0.62210214
2022_1235_1361,0.4320701
2022_1235_1362,0.37505803
2022_1235_1371,0.4703973
2022_1235_1388,0.3716257
2022_1235_1389,0.740827
2022_1235_1395,0.5336717
2022_1235_1397,0.23105365
2022_1235_1400,0.30963296
2022_1235_1403,0.30175966
2022_1235_1411,0.92068774
2022_1235_1412,0.52176285
2022_1235_1417,0.28319457
2022_1235_1425,0.48753086
2022_1235_1436,0.6131228
2022_1235_1437,0.254276
2022_1235_1439,0.39029634
2022_1235_1458,0.35837597
2022_1235_1460,0.8580167
2022_1235_1463,0.75229084
2022_1240_1242,0.060674433
2022_1240_1246,0.057776246
2022_1240_1255,0.5174197
2022_1240_1260,0.1856117
2022_1240_1261,0.12991518
2022_1240_1266,0.24208267
2022_1240_1272,0.13975143
2022_1240_1274,0.29318458
2022_1240_1276,0.15744139
2022_1240_1277,0.21103272
2022_1240_1286,0.5098385
2022_1240_1293,0.2112543
2022_1240_1308,0.34756467
2022_1240_1313,0.5996895
2022_1240_1314,0.17534798
2022_1240_1323,0.25156182
2022_1240_1326,0.14543681
2022_1240_1344,0.1919576
2022_1240_1345,0.08170975
2022_1240_1350,0.33109647
2022_1240_1355,0.29659453
2022_1240_1361,0.19032383
2022_1240_1362,0.15923652
2022_1240_1371,0.2118085
2022_1240_1388,0.15052077
2022_1240_1389,0.5165486
2022_1240_1395,0.24926805
2022_1240_1397,0.07643371
2022_1240_1400,0.106617995
2022_1240_1403,0.10289051
2022_1240_1411,0.7063224
2022_1240_1412,0.23358367
2022_1240_1417,0.11003337
2022_1240_1425,0.23299587
2022_1240_1436,0.31805906
2022_1240_1437,0.10073513
2022_1240_1439,0.18020147
2022_1240_1458,0.12614882
2022_1240_1460,0.6269404
2022_1240_1463,0.52498335
2022_1242_1246,0.48232833
2022_1242_1255,0.92673194
2022_1242_1260,0.7233423
2022_1242_1261,0.6575797
2022_1242_1266,0.7895404
2022_1242_1272,0.68202776
2022_1242_1274,0.83449686
2022_1242_1276,0.69681835
2022_1242_1277,0.7492066
2022_1242_1286,0.921127
2022_1242_1293,0.75867015
2022_1242_1308,0.86719435
2022_1242_1313,0.94790065
2022_1242_1314,0.7301239
2022_1242_1323,0.79976445
2022_1242_1326,0.69542724
2022_1242_1344,0.72530437
2022_1242_1345,0.5343611
2022_1242_1350,0.8703008
2022_1242_1355,0.84366876
2022_1242_1361,0.71900743
2022_1242_1362,0.6849356
2022_1242_1371,0.7489797
2022_1242_1388,0.6765045
2022_1242_1389,0.9242955
2022_1242_1395,0.80147904
2022_1242_1397,0.5210573
2022_1242_1400,0.60024613
2022_1242_1403,0.6078975
2022_1242_1411,0.96913546
2022_1242_1412,0.7785767
2022_1242_1417,0.59944344
2022_1242_1425,0.74676263
2022_1242_1436,0.84521437
2022_1242_1437,0.57873434
2022_1242_1439,0.709559
2022_1242_1458,0.6455252
2022_1242_1460,0.9559571
2022_1242_1463,0.92843395
2022_1246_1255,0.93983805
2022_1246_1260,0.7392677
2022_1246_1261,0.60040796
2022_1246_1266,0.8062018
2022_1246_1272,0.7056103
2022_1246_1274,0.8502854
2022_1246_1276,0.7127003
2022_1246_1277,0.7680867
2022_1246_1286,0.9383582
2022_1246_1293,0.78905874
2022_1246_1308,0.8913268
2022_1246_1313,0.9546572
2022_1246_1314,0.73209065
2022_1246_1323,0.82610816
2022_1246_1326,0.71256614
2022_1246_1344,0.7436013
2022_1246_1345,0.5851749
2022_1246_1350,0.8878704
2022_1246_1355,0.8607837
2022_1246_1361,0.72684336
2022_1246_1362,0.718062
2022_1246_1371,0.7629286
2022_1246_1388,0.7000105
2022_1246_1389,0.9408236
2022_1246_1395,0.82598007
2022_1246_1397,0.5705094
2022_1246_1400,0.6670936
2022_1246_1403,0.6350786
2022_1246_1411,0.9737846
2022_1246_1412,0.8223644
2022_1246_1417,0.6405685
2022_1246_1425,0.7604939
2022_1246_1436,0.8647923
2022_1246_1437,0.62611514
2022_1246_1439,0.7345917
2022_1246_1458,0.7157144
2022_1246_1460,0.96314114
2022_1246_1463,0.93466496
2022_1255_1260,0.19692907
2022_1255_1261,0.09961645
2022_1255_1266,0.25993156
2022_1255_1272,0.14240156
2022_1255_1274,0.286301
2022_1255_1276,0.11054303
2022_1255_1277,0.2271548
2022_1255_1286,0.49262473
2022_1255_1293,0.21479762
2022_1255_1308,0.34866783
2022_1255_1313,0.5731554
2022_1255_1314,0.18311381
2022_1255_1323,0.2697577
2022_1255_1326,0.1697332
2022_1255_1344,0.20313565
2022_1255_1345,0.07524785
2022_1255_1350,0.3450856
2022_1255_1355,0.3308773
2022_1255_1361,0.20592001
2022_1255_1362,0.16530915
2022_1255_1371,0.22993939
2022_1255_1388,0.15855208
2022_1255_1389,0.4982251
2022_1255_1395,0.2663811
2022_1255_1397,0.06527357
2022_1255_1400,0.1115164
2022_1255_1403,0.10443765
2022_1255_1411,0.68714863
2022_1255_1412,0.267617
2022_1255_1417,0.10371946
2022_1255_1425,0.2276504
2022_1255_1436,0.3314627
2022_1255_1437,0.106615745
2022_1255_1439,0.18995842
2022_1255_1458,0.18826666
2022_1255_1460,0.5902649
2022_1255_1463,0.5044237
2022_1260_1261,0.34743208
2022_1260_1266,0.5983346
2022_1260_1272,0.45002618
2022_1260_1274,0.6585974
2022_1260_1276,0.44358203
2022_1260_1277,0.54592264
2022_1260_1286,0.7807692
2022_1260_1293,0.5698433
2022_1260_1308,0.7069747
2022_1260_1313,0.8485194
2022_1260_1314,0.50442344
2022_1260_1323,0.6264065
2022_1260_1326,0.40117314
2022_1260_1344,0.52077466
2022_1260_1345,0.28484163
2022_1260_1350,0.6953312
2022_1260_1355,0.68257207
2022_1260_1361,0.5184873
2022_1260_1362,0.44499058
2022_1260_1371,0.5689109
2022_1260_1388,0.44347405
2022_1260_1389,0.7791678
2022_1260_1395,0.6194903
2022_1260_1397,0.32391596
2022_1260_1400,0.37055886
2022_1260_1403,0.3782106
2022_1260_1411,0.9278835
2022_1260_1412,0.61403227
2022_1260_1417,0.35251358
2022_1260_1425,0.5699286
2022_1260_1436,0.6768008
2022_1260_1437,0.29337528
2022_1260_1439,0.48501813
2022_1260_1458,0.50265133
2022_1260_1460,0.8765156
2022_1260_1463,0.79469377
2022_1261_1266,0.71514934
2022_1261_1272,0.6138494
2022_1261_1274,0.7027029
2022_1261_1276,0.6104881
2022_1261_1277,0.68146175
2022_1261_1286,0.86715174
2022_1261_1293,0.6959375
2022_1261_1308,0.7986572
2022_1261_1313,0.91745436
2022_1261_1314,0.64160836
2022_1261_1323,0.7301965
2022_1261_1326,0.6123259
2022_1261_1344,0.5722647
2022_1261_1345,0.46022472
2022_1261_1350,0.75959796
2022_1261_1355,0.72439295
2022_1261_1361,0.58413106
2022_1261_1362,0.5862627
2022_1261_1371,0.677553
2022_1261_1388,0.5836986
2022_1261_1389,0.8703772
2022_1261_1395,0.72806734
2022_1261_1397,0.45545235
2022_1261_1400,0.54068404
2022_1261_1403,0.53155893
2022_1261_1411,0.9417447
2022_1261_1412,0.72502756
2022_1261_1417,0.5021748
2022_1261_1425,0.6308375
2022_1261_1436,0.7705175
2022_1261_1437,0.4980468
2022_1261_1439,0.629041
2022_1261_1458,0.52344847
2022_1261_1460,0.9317815
2022_1261_1463,0.88250214
2022_1266_1272,0.37168998
2022_1266_1274,0.58260626
2022_1266_1276,0.38490123
2022_1266_1277,0.46497193
2022_1266_1286,0.74346113
2022_1266_1293,0.48175427
2022_1266_1308,0.63814527
2022_1266_1313,0.8206756
2022_1266_1314,0.41569364
2022_1266_1323,0.54311717
2022_1266_1326,0.37892342
2022_1266_1344,0.43848073
2022_1266_1345,0.21818638
2022_1266_1350,0.6306256
2022_1266_1355,0.6161441
2022_1266_1361,0.4380647
2022_1266_1362,0.3925055
2022_1266_1371,0.4779411
2022_1266_1388,0.3871321
2022_1266_1389,0.74525064
2022_1266_1395,0.53766656
2022_1266_1397,0.23820142
2022_1266_1400,0.33951765
2022_1266_1403,0.30394688
2022_1266_1411,0.91019547
2022_1266_1412,0.5238006
2022_1266_1417,0.28401297
2022_1266_1425,0.48433453
2022_1266_1436,0.6131732
2022_1266_1437,0.26275033
2022_1266_1439,0.39900604
2022_1266_1458,0.42248583
2022_1266_1460,0.8549302
2022_1266_1463,0.7552249
2022_1272_1274,0.707289
2022_1272_1276,0.50814307
2022_1272_1277,0.5460328
2022_1272_1286,0.7791516
2022_1272_1293,0.6164045
2022_1272_1308,0.6958513
2022_1272_1313,0.89175034
2022_1272_1314,0.55435884
2022_1272_1323,0.6239351
2022_1272_1326,0.5046623
2022_1272_1344,0.5592004
2022_1272_1345,0.33606693
2022_1272_1350,0.75105304
2022_1272_1355,0.73167026
2022_1272_1361,0.56190115
2022_1272_1362,0.48605812
2022_1272_1371,0.59806174
2022_1272_1388,0.49228308
2022_1272_1389,0.8183098
2022_1272_1395,0.6661171
2022_1272_1397,0.33879387
2022_1272_1400,0.41560307
2022_1272_1403,0.37350023
2022_1272_1411,0.9493234
2022_1272_1412,0.6574719
2022_1272_1417,0.3953987
2022_1272_1425,0.5987368
2022_1272_1436,0.68277615
2022_1272_1437,0.3873651
2022_1272_1439,0.5302926
2022_1272_1458,0.55025464
2022_1272_1460,0.9083027
2022_1272_1463,0.8321951
2022_1274_1276,0.3078973
2022_1274_1277,0.39891577
2022_1274_1286,0.7214331
2022_1274_1293,0.39841262
2022_1274_1308,0.5976136
2022_1274_1313,0.8007334
2022_1274_1314,0.34282985
2022_1274_1323,0.47184068
2022_1274_1326,0.30616868
2022_1274_1344,0.36089894
2022_1274_1345,0.1658459
2022_1274_1350,0.57498604
2022_1274_1355,0.5343667
2022_1274_1361,0.3707143
2022_1274_1362,0.3149842
2022_1274_1371,0.4082334
2022_1274_1388,0.31171995
2022_1274_1389,0.71705353
2022_1274_1395,0.46714798
2022_1274_1397,0.17288357
2022_1274_1400,0.24166615
2022_1274_1403,0.22558741
2022_1274_1411,0.8879766
2022_1274_1412,0.45223957
2022_1274_1417,0.22805452
2022_1274_1425,0.41229537
2022_1274_1436,0.56580526
2022_1274_1437,0.20161396
2022_1274_1439,0.319696
2022_1274_1458,0.29361606
2022_1274_1460,0.8415648
2022_1274_1463,0.73378664
2022_1276_1277,0.5790666
2022_1276_1286,0.7975134
2022_1276_1293,0.5929471
2022_1276_1308,0.73401165
2022_1276_1313,0.86911875
2022_1276_1314,0.52361196
2022_1276_1323,0.65608495
2022_1276_1326,0.47351104
2022_1276_1344,0.5395113
2022_1276_1345,0.30039394
2022_1276_1350,0.72568625
2022_1276_1355,0.70806074
2022_1276_1361,0.5358196
2022_1276_1362,0.46983495
2022_1276_1371,0.577608
2022_1276_1388,0.47303927
2022_1276_1389,0.8003518
2022_1276_1395,0.63421726
2022_1276_1397,0.36227036
2022_1276_1400,0.38979572
2022_1276_1403,0.39460108
2022_1276_1411,0.93841165
2022_1276_1412,0.6214281
2022_1276_1417,0.3788805
2022_1276_1425,0.5888005
2022_1276_1436,0.71358174
2022_1276_1437,0.32844764
2022_1276_1439,0.50369406
2022_1276_1458,0.536037
2022_1276_1460,0.88076794
2022_1276_1463,0.8151694
2022_1277_1286,0.7398228
2022_1277_1293,0.5264816
2022_1277_1308,0.6553767
2022_1277_1313,0.8442749
2022_1277_1314,0.45585728
2022_1277_1323,0.5793228
2022_1277_1326,0.40886763
2022_1277_1344,0.47297943
2022_1277_1345,0.25921917
2022_1277_1350,0.66705155
2022_1277_1355,0.65710634
2022_1277_1361,0.47623435
2022_1277_1362,0.41306347
2022_1277_1371,0.50541806
2022_1277_1388,0.4179097
2022_1277_1389,0.7664021
2022_1277_1395,0.58442795
2022_1277_1397,0.2772735
2022_1277_1400,0.34156248
2022_1277_1403,0.33567503
2022_1277_1411,0.9309622
2022_1277_1412,0.56259316
2022_1277_1417,0.32494524
2022_1277_1425,0.51633686
2022_1277_1436,0.63942415
2022_1277_1437,0.31044444
2022_1277_1439,0.43797633
2022_1277_1458,0.4657324
2022_1277_1460,0.875942
2022_1277_1463,0.78409284
2022_1286_1293,0.24725288
2022_1286_1308,0.37970877
2022_1286_1313,0.5975979
2022_1286_1314,0.20767726
2022_1286_1323,0.30029175
2022_1286_1326,0.18495928
2022_1286_1344,0.23911637
2022_1286_1345,0.09184269
2022_1286_1350,0.3625247
2022_1286_1355,0.34249946
2022_1286_1361,0.22951344
2022_1286_1362,0.1893853
2022_1286_1371,0.252839
2022_1286_1388,0.17734432
2022_1286_1389,0.5142417
2022_1286_1395,0.29098624
2022_1286_1397,0.09098312
2022_1286_1400,0.13100293
2022_1286_1403,0.12410109
2022_1286_1411,0.6982061
2022_1286_1412,0.27012843
2022_1286_1417,0.12516642
2022_1286_1425,0.25584248
2022_1286_1436,0.36648542
2022_1286_1437,0.11659606
2022_1286_1439,0.20959714
2022_1286_1458,0.21910213
2022_1286_1460,0.61820817
2022_1286_1463,0.5226994
2022_1293_1308,0.66740286
2022_1293_1313,0.82085824
2022_1293_1314,0.3939308
2022_1293_1323,0.5705736
2022_1293_1326,0.37631297
2022_1293_1344,0.45111516
2022_1293_1345,0.21174072
2022_1293_1350,0.6637
2022_1293_1355,0.6374917
2022_1293_1361,0.44541767
2022_1293_1362,0.40810746
2022_1293_1371,0.4845093
2022_1293_1388,0.3710143
2022_1293_1389,0.7750066
2022_1293_1395,0.5657216
2022_1293_1397,0.23685355
2022_1293_1400,0.33954215
2022_1293_1403,0.30985278
2022_1293_1411,0.9270317
2022_1293_1412,0.5493779
2022_1293_1417,0.27510434
2022_1293_1425,0.48621583
2022_1293_1436,0.64057374
2022_1293_1437,0.27906156
2022_1293_1439,0.3882747
2022_1293_1458,0.43020684
2022_1293_1460,0.8716081
2022_1293_1463,0.75875247
2022_1308_1313,0.7538725
2022_1308_1314,0.28760082
2022_1308_1323,0.40686005
2022_1308_1326,0.25274658
2022_1308_1344,0.31806955
2022_1308_1345,0.11969473
2022_1308_1350,0.4922795
2022_1308_1355,0.44733086
2022_1308_1361,0.30523366
2022_1308_1362,0.24418148
2022_1308_1371,0.34861037
2022_1308_1388,0.25448215
2022_1308_1389,0.65263784
2022_1308_1395,0.37624845
2022_1308_1397,0.12734294
2022_1308_1400,0.18026972
2022_1308_1403,0.17611301
2022_1308_1411,0.8541607
2022_1308_1412,0.37585047
2022_1308_1417,0.16818982
2022_1308_1425,0.3545233
2022_1308_1436,0.44062787
2022_1308_1437,0.14933911
2022_1308_1439,0.2685575
2022_1308_1458,0.29102156
2022_1308_1460,0.79133046
2022_1308_1463,0.6681104
2022_1313_1314,0.122042075
2022_1313_1323,0.180217
2022_1313_1326,0.10151625
2022_1313_1344,0.13460088
2022_1313_1345,0.06518622
2022_1313_1350,0.25369692
2022_1313_1355,0.22660628
2022_1313_1361,0.12940194
2022_1313_1362,0.12449638
2022_1313_1371,0.14167596
2022_1313_1388,0.115532756
2022_1313_1389,0.4026605
2022_1313_1395,0.18091364
2022_1313_1397,0.051245194
2022_1313_1400,0.1061947
2022_1313_1403,0.07015969
2022_1313_1411,0.6271553
2022_1313_1412,0.16269614
2022_1313_1417,0.09079422
2022_1313_1425,0.14893126
2022_1313_1436,0.22294365
2022_1313_1437,0.06919338
2022_1313_1439,0.122097895
2022_1313_1458,0.11593691
2022_1313_1460,0.5154507
2022_1313_1463,0.41171485
2022_1314_1323,0.63793516
2022_1314_1326,0.4516758
2022_1314_1344,0.51517326
2022_1314_1345,0.30782634
2022_1314_1350,0.7171834
2022_1314_1355,0.6934771
2022_1314_1361,0.50454426
2022_1314_1362,0.46928573
2022_1314_1371,0.5617395
2022_1314_1388,0.46431607
2022_1314_1389,0.8167547
2022_1314_1395,0.6199423
2022_1314_1397,0.28722504
2022_1314_1400,0.4279042
2022_1314_1403,0.36993483
2022_1314_1411,0.9387579
2022_1314_1412,0.60643035
2022_1314_1417,0.36382625
2022_1314_1425,0.56099975
2022_1314_1436,0.68827975
2022_1314_1437,0.32489693
2022_1314_1439,0.51043457
2022_1314_1458,0.5006695
2022_1314_1460,0.8904358
2022_1314_1463,0.83000886
2022_1323_1326,0.3571648
2022_1323_1344,0.42442536
2022_1323_1345,0.20857434
2022_1323_1350,0.6240127
2022_1323_1355,0.6044249
2022_1323_1361,0.4192999
2022_1323_1362,0.3576396
2022_1323_1371,0.45603535
2022_1323_1388,0.35840076
2022_1323_1389,0.7326291
2022_1323_1395,0.51474476
2022_1323_1397,0.22087984
2022_1323_1400,0.2879246
2022_1323_1403,0.29500616
2022_1323_1411,0.9055281
2022_1323_1412,0.4995792
2022_1323_1417,0.28058127
2022_1323_1425,0.4673018
2022_1323_1436,0.6049491
2022_1323_1437,0.25132352
2022_1323_1439,0.37822205
2022_1323_1458,0.40783823
2022_1323_1460,0.8501522
2022_1323_1463,0.75303847
2022_1326_1344,0.5587256
2022_1326_1345,0.31288174
2022_1326_1350,0.73022735
2022_1326_1355,0.71271145
2022_1326_1361,0.56251556
2022_1326_1362,0.48376995
2022_1326_1371,0.59550554
2022_1326_1388,0.48546448
2022_1326_1389,0.80300146
2022_1326_1395,0.6419719
2022_1326_1397,0.36852035
2022_1326_1400,0.40327606
2022_1326_1403,0.41700742
2022_1326_1411,0.9406351
2022_1326_1412,0.63392216
2022_1326_1417,0.3866037
2022_1326_1425,0.606578
2022_1326_1436,0.7080423
2022_1326_1437,0.3780819
2022_1326_1439,0.5266644
2022_1326_1458,0.54753935
2022_1326_1460,0.8887187
2022_1326_1463,0.8148581
2022_1344_1345,0.27270535
2022_1344_1350,0.68000674
2022_1344_1355,0.6541119
2022_1344_1361,0.4862972
2022_1344_1362,0.40332025
2022_1344_1371,0.49639764
2022_1344_1388,0.40355247
2022_1344_1389,0.751077
2022_1344_1395,0.557647
2022_1344_1397,0.26761565
2022_1344_1400,0.34319988
2022_1344_1403,0.33824435
2022_1344_1411,0.9290437
2022_1344_1412,0.56529045
2022_1344_1417,0.32045844
2022_1344_1425,0.5225649
2022_1344_1436,0.6396704
2022_1344_1437,0.30208275
2022_1344_1439,0.42531368
2022_1344_1458,0.41441333
2022_1344_1460,0.8711302
2022_1344_1463,0.7711207
2022_1345_1350,0.85100967
2022_1345_1355,0.8116207
2022_1345_1361,0.6758845
2022_1345_1362,0.65306
2022_1345_1371,0.7172032
2022_1345_1388,0.63826174
2022_1345_1389,0.9011734
2022_1345_1395,0.76852447
2022_1345_1397,0.49407238
2022_1345_1400,0.63918257
2022_1345_1403,0.5835211
2022_1345_1411,0.9666626
2022_1345_1412,0.7449093
2022_1345_1417,0.56353956
2022_1345_1425,0.7198004
2022_1345_1436,0.8206379
2022_1345_1437,0.55024254
2022_1345_1439,0.6888166
2022_1345_1458,0.66741675
2022_1345_1460,0.950457
2022_1345_1463,0.92968106
2022_1350_1355,0.44434553
2022_1350_1361,0.2964319
2022_1350_1362,0.24556628
2022_1350_1371,0.35097167
2022_1350_1388,0.244926
2022_1350_1389,0.6385241
2022_1350_1395,0.3703815
2022_1350_1397,0.12492899
2022_1350_1400,0.1820258
2022_1350_1403,0.15876056
2022_1350_1411,0.84600806
2022_1350_1412,0.3618705
2022_1350_1417,0.16018766
2022_1350_1425,0.32771593
2022_1350_1436,0.44987053
2022_1350_1437,0.14659347
2022_1350_1439,0.26325268
2022_1350_1458,0.22810546
2022_1350_1460,0.7757585
2022_1350_1463,0.65624416
2022_1355_1361,0.36634082
2022_1355_1362,0.30160427
2022_1355_1371,0.39073285
2022_1355_1388,0.30345207
2022_1355_1389,0.6874033
2022_1355_1395,0.42893088
2022_1355_1397,0.16634779
2022_1355_1400,0.22413899
2022_1355_1403,0.21424407
2022_1355_1411,0.8843498
2022_1355_1412,0.41710472
2022_1355_1417,0.2121752
2022_1355_1425,0.39941993
2022_1355_1436,0.5110296
2022_1355_1437,0.19269873
2022_1355_1439,0.29805452
2022_1355_1458,0.2831662
2022_1355_1460,0.8111861
2022_1355_1463,0.7006172
2022_1361_1362,0.44757462
2022_1361_1371,0.556511
2022_1361_1388,0.44627264
2022_1361_1389,0.76660955
2022_1361_1395,0.6149379
2022_1361_1397,0.2896994
2022_1361_1400,0.3762623
2022_1361_1403,0.37804824
2022_1361_1411,0.92524314
2022_1361_1412,0.59733146
2022_1361_1417,0.35517403
2022_1361_1425,0.5567119
2022_1361_1436,0.672065
2022_1361_1437,0.3310705
2022_1361_1439,0.46643472
2022_1361_1458,0.45290908
2022_1361_1460,0.8741672
2022_1361_1463,0.78439754
2022_1362_1371,0.58071774
2022_1362_1388,0.45030144
2022_1362_1389,0.7865751
2022_1362_1395,0.62116873
2022_1362_1397,0.31093457
2022_1362_1400,0.4177464
2022_1362_1403,0.40307894
2022_1362_1411,0.9263998
2022_1362_1412,0.61196274
2022_1362_1417,0.35214096
2022_1362_1425,0.5818434
2022_1362_1436,0.67956823
2022_1362_1437,0.35220072
2022_1362_1439,0.46786186
2022_1362_1458,0.52298003
2022_1362_1460,0.8794671
2022_1362_1463,0.7870026
2022_1371_1388,0.4268626
2022_1371_1389,0.76330185
2022_1371_1395,0.57824165
2022_1371_1397,0.30340928
2022_1371_1400,0.34995285
2022_1371_1403,0.35542968
2022_1371_1411,0.9239822
2022_1371_1412,0.57027864
2022_1371_1417,0.3287221
2022_1371_1425,0.5194736
2022_1371_1436,0.65354353
2022_1371_1437,0.2890257
2022_1371_1439,0.4383645
2022_1371_1458,0.46807384
2022_1371_1460,0.8565262
2022_1371_1463,0.7817015
2022_1388_1389,0.79325557
2022_1388_1395,0.63572234
2022_1388_1397,0.33113977
2022_1388_1400,0.44176525
2022_1388_1403,0.42060262
2022_1388_1411,0.93378377
2022_1388_1412,0.6356703
2022_1388_1417,0.38411263
2022_1388_1425,0.5994043
2022_1388_1436,0.699458
2022_1388_1437,0.3705462
2022_1388_1439,0.508735
2022_1388_1458,0.54125756
2022_1388_1460,0.8870693
2022_1388_1463,0.8059402
2022_1389_1395,0.2655783
2022_1389_1397,0.07686626
2022_1389_1400,0.1669302
2022_1389_1403,0.10869559
2022_1389_1411,0.6963869
2022_1389_1412,0.24065976
2022_1389_1417,0.13482441
2022_1389_1425,0.2245264
2022_1389_1436,0.32492658
2022_1389_1437,0.10408893
2022_1389_1439,0.193213
2022_1389_1458,0.18942837
2022_1389_1460,0.6131219
2022_1389_1463,0.49975622
2022_1395_1397,0.2735755
2022_1395_1400,0.2975546
2022_1395_1403,0.28723976
2022_1395_1411,0.91346645
2022_1395_1412,0.53531086
2022_1395_1417,0.2762101
2022_1395_1425,0.47692272
2022_1395_1436,0.61622846
2022_1395_1437,0.2623649
2022_1395_1439,0.3947054
2022_1395_1458,0.40760046
2022_1395_1460,0.85256803
2022_1395_1463,0.76041996
2022_1397_1400,0.54737455
2022_1397_1403,0.5616686
2022_1397_1411,0.9665426
2022_1397_1412,0.7205898
2022_1397_1417,0.5381729
2022_1397_1425,0.6962617
2022_1397_1436,0.79992574
2022_1397_1437,0.47065228
2022_1397_1439,0.6508209
2022_1397_1458,0.650579
2022_1397_1460,0.93758726
2022_1397_1463,0.9097335
2022_1400_1403,0.50172204
2022_1400_1411,0.957933
2022_1400_1412,0.7082817
2022_1400_1417,0.41574726
2022_1400_1425,0.65515596
2022_1400_1436,0.7712714
2022_1400_1437,0.46592128
2022_1400_1439,0.5529424
2022_1400_1458,0.6081774
2022_1400_1460,0.9297156
2022_1400_1463,0.85413635
2022_1403_1411,0.96132505
2022_1403_1412,0.7153802
2022_1403_1417,0.4927029
2022_1403_1425,0.6827097
2022_1403_1436,0.7614744
2022_1403_1437,0.48253697
2022_1403_1439,0.6147624
2022_1403_1458,0.62078583
2022_1403_1460,0.9408068
2022_1403_1463,0.89745206
2022_1411_1412,0.09292794
2022_1411_1417,0.048293155
2022_1411_1425,0.08956826
2022_1411_1436,0.13527846
2022_1411_1437,0.046025172
2022_1411_1439,0.0695067
2022_1411_1458,0.047459207
2022_1411_1460,0.35455978
2022_1411_1463,0.30509582
2022_1412_1417,0.29258344
2022_1412_1425,0.47192255
2022_1412_1436,0.603165
2022_1412_1437,0.2532707
2022_1412_1439,0.3875558
2022_1412_1458,0.40917373
2022_1412_1460,0.8405252
2022_1412_1463,0.756828
2022_1417_1425,0.665448
2022_1417_1436,0.788326
2022_1417_1437,0.48265314
2022_1417_1439,0.58543694
2022_1417_1458,0.61920136
2022_1417_1460,0.93824977
2022_1417_1463,0.8811687
2022_1425_1436,0.6407627
2022_1425_1437,0.29456764
2022_1425_1439,0.42405096
2022_1425_1458,0.40348014
2022_1425_1460,0.8674201
2022_1425_1463,0.77313006
2022_1436_1437,0.20656636
2022_1436_1439,0.32076332
2022_1436_1458,0.34546962
2022_1436_1460,0.8125833
2022_1436_1463,0.6960401
2022_1437_1439,0.6019
2022_1437_1458,0.61742747
2022_1437_1460,0.9345764
2022_1437_1463,0.8929752
2022_1439_1458,0.4935373
2022_1439_1460,0.88164234
2022_1439_1463,0.80617946
2022_1458_1460,0.88397294
2022_1458_1463,0.8032123
2022_1460_1463,0.41201982
